path,label
src/gesture_rps/trains/images/rock/1757839259408_00.jpg,rock
src/gesture_rps/trains/images/rock/1757839259408_01.jpg,rock
src/gesture_rps/trains/images/rock/1757839259408_02.jpg,rock
src/gesture_rps/trains/images/rock/1757839259408_03.jpg,rock
src/gesture_rps/trains/images/rock/1757839259408_04.jpg,rock
src/gesture_rps/trains/images/rock/1757839259408_05.jpg,rock
src/gesture_rps/trains/images/rock/1757839259408_06.jpg,rock
src/gesture_rps/trains/images/rock/1757839259408_07.jpg,rock
src/gesture_rps/trains/images/rock/1757839259408_08.jpg,rock
src/gesture_rps/trains/images/rock/1757839259408_09.jpg,rock
src/gesture_rps/trains/images/rock/1757839259408_10.jpg,rock
src/gesture_rps/trains/images/rock/1757839259408_11.jpg,rock
src/gesture_rps/trains/images/rock/1757839259408_12.jpg,rock
src/gesture_rps/trains/images/rock/1757839259408_13.jpg,rock
src/gesture_rps/trains/images/rock/1757839259408_14.jpg,rock
src/gesture_rps/trains/images/rock/1757839259408_15.jpg,rock
src/gesture_rps/trains/images/rock/1757839259408_16.jpg,rock
src/gesture_rps/trains/images/rock/1757839259408_17.jpg,rock
src/gesture_rps/trains/images/rock/1757839259408_18.jpg,rock
src/gesture_rps/trains/images/rock/1757839259408_19.jpg,rock
src/gesture_rps/trains/images/rock/1757839262597_00.jpg,rock
src/gesture_rps/trains/images/rock/1757839262597_01.jpg,rock
src/gesture_rps/trains/images/rock/1757839262597_02.jpg,rock
src/gesture_rps/trains/images/rock/1757839262597_03.jpg,rock
src/gesture_rps/trains/images/rock/1757839262597_04.jpg,rock
src/gesture_rps/trains/images/rock/1757839262597_05.jpg,rock
src/gesture_rps/trains/images/rock/1757839262597_06.jpg,rock
src/gesture_rps/trains/images/rock/1757839262597_07.jpg,rock
src/gesture_rps/trains/images/rock/1757839262597_08.jpg,rock
src/gesture_rps/trains/images/rock/1757839262597_09.jpg,rock
src/gesture_rps/trains/images/rock/1757839262597_10.jpg,rock
src/gesture_rps/trains/images/rock/1757839262597_11.jpg,rock
src/gesture_rps/trains/images/rock/1757839262597_12.jpg,rock
src/gesture_rps/trains/images/rock/1757839262597_13.jpg,rock
src/gesture_rps/trains/images/rock/1757839262597_14.jpg,rock
src/gesture_rps/trains/images/rock/1757839262597_15.jpg,rock
src/gesture_rps/trains/images/rock/1757839262597_16.jpg,rock
src/gesture_rps/trains/images/rock/1757839262597_17.jpg,rock
src/gesture_rps/trains/images/rock/1757839262597_18.jpg,rock
src/gesture_rps/trains/images/rock/1757839262597_19.jpg,rock
src/gesture_rps/trains/images/rock/1757839264936_00.jpg,rock
src/gesture_rps/trains/images/rock/1757839264936_01.jpg,rock
src/gesture_rps/trains/images/rock/1757839264936_02.jpg,rock
src/gesture_rps/trains/images/rock/1757839264936_03.jpg,rock
src/gesture_rps/trains/images/rock/1757839264936_04.jpg,rock
src/gesture_rps/trains/images/rock/1757839264936_05.jpg,rock
src/gesture_rps/trains/images/rock/1757839264936_06.jpg,rock
src/gesture_rps/trains/images/rock/1757839264936_07.jpg,rock
src/gesture_rps/trains/images/rock/1757839264936_08.jpg,rock
src/gesture_rps/trains/images/rock/1757839264936_09.jpg,rock
src/gesture_rps/trains/images/rock/1757839264936_10.jpg,rock
src/gesture_rps/trains/images/rock/1757839264936_11.jpg,rock
src/gesture_rps/trains/images/rock/1757839264936_12.jpg,rock
src/gesture_rps/trains/images/rock/1757839264936_13.jpg,rock
src/gesture_rps/trains/images/rock/1757839264936_14.jpg,rock
src/gesture_rps/trains/images/rock/1757839264936_15.jpg,rock
src/gesture_rps/trains/images/rock/1757839264936_16.jpg,rock
src/gesture_rps/trains/images/rock/1757839264936_17.jpg,rock
src/gesture_rps/trains/images/rock/1757839264936_18.jpg,rock
src/gesture_rps/trains/images/rock/1757839264936_19.jpg,rock
src/gesture_rps/trains/images/rock/1757839266868_00.jpg,rock
src/gesture_rps/trains/images/rock/1757839266868_01.jpg,rock
src/gesture_rps/trains/images/rock/1757839266868_02.jpg,rock
src/gesture_rps/trains/images/rock/1757839266868_03.jpg,rock
src/gesture_rps/trains/images/rock/1757839266868_04.jpg,rock
src/gesture_rps/trains/images/rock/1757839266868_05.jpg,rock
src/gesture_rps/trains/images/rock/1757839266868_06.jpg,rock
src/gesture_rps/trains/images/rock/1757839266868_07.jpg,rock
src/gesture_rps/trains/images/rock/1757839266868_08.jpg,rock
src/gesture_rps/trains/images/rock/1757839266868_09.jpg,rock
src/gesture_rps/trains/images/rock/1757839266868_10.jpg,rock
src/gesture_rps/trains/images/rock/1757839266868_11.jpg,rock
src/gesture_rps/trains/images/rock/1757839266868_12.jpg,rock
src/gesture_rps/trains/images/rock/1757839266868_13.jpg,rock
src/gesture_rps/trains/images/rock/1757839266868_14.jpg,rock
src/gesture_rps/trains/images/rock/1757839266868_15.jpg,rock
src/gesture_rps/trains/images/rock/1757839266868_16.jpg,rock
src/gesture_rps/trains/images/rock/1757839266868_17.jpg,rock
src/gesture_rps/trains/images/rock/1757839266868_18.jpg,rock
src/gesture_rps/trains/images/rock/1757839266868_19.jpg,rock
src/gesture_rps/trains/images/rock/1757839268667_00.jpg,rock
src/gesture_rps/trains/images/rock/1757839268667_01.jpg,rock
src/gesture_rps/trains/images/rock/1757839268667_02.jpg,rock
src/gesture_rps/trains/images/rock/1757839268667_03.jpg,rock
src/gesture_rps/trains/images/rock/1757839268667_04.jpg,rock
src/gesture_rps/trains/images/rock/1757839268667_05.jpg,rock
src/gesture_rps/trains/images/rock/1757839268667_06.jpg,rock
src/gesture_rps/trains/images/rock/1757839268667_07.jpg,rock
src/gesture_rps/trains/images/rock/1757839268667_08.jpg,rock
src/gesture_rps/trains/images/rock/1757839268667_09.jpg,rock
src/gesture_rps/trains/images/rock/1757839268667_10.jpg,rock
src/gesture_rps/trains/images/rock/1757839268667_11.jpg,rock
src/gesture_rps/trains/images/rock/1757839268667_12.jpg,rock
src/gesture_rps/trains/images/rock/1757839268667_13.jpg,rock
src/gesture_rps/trains/images/rock/1757839268667_14.jpg,rock
src/gesture_rps/trains/images/rock/1757839268667_15.jpg,rock
src/gesture_rps/trains/images/rock/1757839268667_16.jpg,rock
src/gesture_rps/trains/images/rock/1757839268667_17.jpg,rock
src/gesture_rps/trains/images/rock/1757839268667_18.jpg,rock
src/gesture_rps/trains/images/rock/1757839268667_19.jpg,rock
src/gesture_rps/trains/images/rock/1757839270497_00.jpg,rock
src/gesture_rps/trains/images/rock/1757839270497_01.jpg,rock
src/gesture_rps/trains/images/rock/1757839270497_02.jpg,rock
src/gesture_rps/trains/images/rock/1757839270497_03.jpg,rock
src/gesture_rps/trains/images/rock/1757839270497_04.jpg,rock
src/gesture_rps/trains/images/rock/1757839270497_05.jpg,rock
src/gesture_rps/trains/images/rock/1757839270497_06.jpg,rock
src/gesture_rps/trains/images/rock/1757839270497_07.jpg,rock
src/gesture_rps/trains/images/rock/1757839270497_08.jpg,rock
src/gesture_rps/trains/images/rock/1757839270497_09.jpg,rock
src/gesture_rps/trains/images/rock/1757839270497_10.jpg,rock
src/gesture_rps/trains/images/rock/1757839270497_11.jpg,rock
src/gesture_rps/trains/images/rock/1757839270497_12.jpg,rock
src/gesture_rps/trains/images/rock/1757839270497_13.jpg,rock
src/gesture_rps/trains/images/rock/1757839270497_14.jpg,rock
src/gesture_rps/trains/images/rock/1757839270497_15.jpg,rock
src/gesture_rps/trains/images/rock/1757839270497_16.jpg,rock
src/gesture_rps/trains/images/rock/1757839270497_17.jpg,rock
src/gesture_rps/trains/images/rock/1757839270497_18.jpg,rock
src/gesture_rps/trains/images/rock/1757839270497_19.jpg,rock
src/gesture_rps/trains/images/rock/1757839273709_00.jpg,rock
src/gesture_rps/trains/images/rock/1757839273709_01.jpg,rock
src/gesture_rps/trains/images/rock/1757839273709_02.jpg,rock
src/gesture_rps/trains/images/rock/1757839273709_03.jpg,rock
src/gesture_rps/trains/images/rock/1757839273709_04.jpg,rock
src/gesture_rps/trains/images/rock/1757839273709_05.jpg,rock
src/gesture_rps/trains/images/rock/1757839273709_06.jpg,rock
src/gesture_rps/trains/images/rock/1757839273709_07.jpg,rock
src/gesture_rps/trains/images/rock/1757839273709_08.jpg,rock
src/gesture_rps/trains/images/rock/1757839273709_09.jpg,rock
src/gesture_rps/trains/images/rock/1757839273709_10.jpg,rock
src/gesture_rps/trains/images/rock/1757839273709_11.jpg,rock
src/gesture_rps/trains/images/rock/1757839273709_12.jpg,rock
src/gesture_rps/trains/images/rock/1757839273709_13.jpg,rock
src/gesture_rps/trains/images/rock/1757839273709_14.jpg,rock
src/gesture_rps/trains/images/rock/1757839273709_15.jpg,rock
src/gesture_rps/trains/images/rock/1757839273709_16.jpg,rock
src/gesture_rps/trains/images/rock/1757839273709_17.jpg,rock
src/gesture_rps/trains/images/rock/1757839273709_18.jpg,rock
src/gesture_rps/trains/images/rock/1757839273709_19.jpg,rock
src/gesture_rps/trains/images/rock/1757839276239_00.jpg,rock
src/gesture_rps/trains/images/rock/1757839276239_01.jpg,rock
src/gesture_rps/trains/images/rock/1757839276239_02.jpg,rock
src/gesture_rps/trains/images/rock/1757839276239_03.jpg,rock
src/gesture_rps/trains/images/rock/1757839276239_04.jpg,rock
src/gesture_rps/trains/images/rock/1757839276239_05.jpg,rock
src/gesture_rps/trains/images/rock/1757839276239_06.jpg,rock
src/gesture_rps/trains/images/rock/1757839276239_07.jpg,rock
src/gesture_rps/trains/images/rock/1757839276239_08.jpg,rock
src/gesture_rps/trains/images/rock/1757839276239_09.jpg,rock
src/gesture_rps/trains/images/rock/1757839276239_10.jpg,rock
src/gesture_rps/trains/images/rock/1757839276239_11.jpg,rock
src/gesture_rps/trains/images/rock/1757839276239_12.jpg,rock
src/gesture_rps/trains/images/rock/1757839276239_13.jpg,rock
src/gesture_rps/trains/images/rock/1757839276239_14.jpg,rock
src/gesture_rps/trains/images/rock/1757839276239_15.jpg,rock
src/gesture_rps/trains/images/rock/1757839276239_16.jpg,rock
src/gesture_rps/trains/images/rock/1757839276239_17.jpg,rock
src/gesture_rps/trains/images/rock/1757839276239_18.jpg,rock
src/gesture_rps/trains/images/rock/1757839276239_19.jpg,rock
src/gesture_rps/trains/images/rock/1757839278536_00.jpg,rock
src/gesture_rps/trains/images/rock/1757839278536_01.jpg,rock
src/gesture_rps/trains/images/rock/1757839278536_02.jpg,rock
src/gesture_rps/trains/images/rock/1757839278536_03.jpg,rock
src/gesture_rps/trains/images/rock/1757839278536_04.jpg,rock
src/gesture_rps/trains/images/rock/1757839278536_05.jpg,rock
src/gesture_rps/trains/images/rock/1757839278536_06.jpg,rock
src/gesture_rps/trains/images/rock/1757839278536_07.jpg,rock
src/gesture_rps/trains/images/rock/1757839278536_08.jpg,rock
src/gesture_rps/trains/images/rock/1757839278536_09.jpg,rock
src/gesture_rps/trains/images/rock/1757839278536_10.jpg,rock
src/gesture_rps/trains/images/rock/1757839278536_11.jpg,rock
src/gesture_rps/trains/images/rock/1757839278536_12.jpg,rock
src/gesture_rps/trains/images/rock/1757839278536_13.jpg,rock
src/gesture_rps/trains/images/rock/1757839278536_14.jpg,rock
src/gesture_rps/trains/images/rock/1757839278536_15.jpg,rock
src/gesture_rps/trains/images/rock/1757839278536_16.jpg,rock
src/gesture_rps/trains/images/rock/1757839278536_17.jpg,rock
src/gesture_rps/trains/images/rock/1757839278536_18.jpg,rock
src/gesture_rps/trains/images/rock/1757839278536_19.jpg,rock
src/gesture_rps/trains/images/rock/1757839280702_00.jpg,rock
src/gesture_rps/trains/images/rock/1757839280702_01.jpg,rock
src/gesture_rps/trains/images/rock/1757839280702_02.jpg,rock
src/gesture_rps/trains/images/rock/1757839280702_03.jpg,rock
src/gesture_rps/trains/images/rock/1757839280702_04.jpg,rock
src/gesture_rps/trains/images/rock/1757839280702_05.jpg,rock
src/gesture_rps/trains/images/rock/1757839280702_06.jpg,rock
src/gesture_rps/trains/images/rock/1757839280702_07.jpg,rock
src/gesture_rps/trains/images/rock/1757839280702_08.jpg,rock
src/gesture_rps/trains/images/rock/1757839280702_09.jpg,rock
src/gesture_rps/trains/images/rock/1757839280702_10.jpg,rock
src/gesture_rps/trains/images/rock/1757839280702_11.jpg,rock
src/gesture_rps/trains/images/rock/1757839280702_12.jpg,rock
src/gesture_rps/trains/images/rock/1757839280702_13.jpg,rock
src/gesture_rps/trains/images/rock/1757839280702_14.jpg,rock
src/gesture_rps/trains/images/rock/1757839280702_15.jpg,rock
src/gesture_rps/trains/images/rock/1757839280702_16.jpg,rock
src/gesture_rps/trains/images/rock/1757839280702_17.jpg,rock
src/gesture_rps/trains/images/rock/1757839280702_18.jpg,rock
src/gesture_rps/trains/images/rock/1757839280702_19.jpg,rock
src/gesture_rps/trains/images/rock/1757839283007_00.jpg,rock
src/gesture_rps/trains/images/rock/1757839283007_01.jpg,rock
src/gesture_rps/trains/images/rock/1757839283007_02.jpg,rock
src/gesture_rps/trains/images/rock/1757839283007_03.jpg,rock
src/gesture_rps/trains/images/rock/1757839283007_04.jpg,rock
src/gesture_rps/trains/images/rock/1757839283007_05.jpg,rock
src/gesture_rps/trains/images/rock/1757839283007_06.jpg,rock
src/gesture_rps/trains/images/rock/1757839283007_07.jpg,rock
src/gesture_rps/trains/images/rock/1757839283007_08.jpg,rock
src/gesture_rps/trains/images/rock/1757839283007_09.jpg,rock
src/gesture_rps/trains/images/rock/1757839283007_10.jpg,rock
src/gesture_rps/trains/images/rock/1757839283007_11.jpg,rock
src/gesture_rps/trains/images/rock/1757839283007_12.jpg,rock
src/gesture_rps/trains/images/rock/1757839283007_13.jpg,rock
src/gesture_rps/trains/images/rock/1757839283007_14.jpg,rock
src/gesture_rps/trains/images/rock/1757839283007_15.jpg,rock
src/gesture_rps/trains/images/rock/1757839283007_16.jpg,rock
src/gesture_rps/trains/images/rock/1757839283007_17.jpg,rock
src/gesture_rps/trains/images/rock/1757839283007_18.jpg,rock
src/gesture_rps/trains/images/rock/1757839283007_19.jpg,rock
src/gesture_rps/trains/images/rock/1757839286717_00.jpg,rock
src/gesture_rps/trains/images/rock/1757839286717_01.jpg,rock
src/gesture_rps/trains/images/rock/1757839286717_02.jpg,rock
src/gesture_rps/trains/images/rock/1757839286717_03.jpg,rock
src/gesture_rps/trains/images/rock/1757839286717_04.jpg,rock
src/gesture_rps/trains/images/rock/1757839286717_05.jpg,rock
src/gesture_rps/trains/images/rock/1757839286717_06.jpg,rock
src/gesture_rps/trains/images/rock/1757839286717_07.jpg,rock
src/gesture_rps/trains/images/rock/1757839286717_08.jpg,rock
src/gesture_rps/trains/images/rock/1757839286717_09.jpg,rock
src/gesture_rps/trains/images/rock/1757839286717_10.jpg,rock
src/gesture_rps/trains/images/rock/1757839286717_11.jpg,rock
src/gesture_rps/trains/images/rock/1757839286717_12.jpg,rock
src/gesture_rps/trains/images/rock/1757839286717_13.jpg,rock
src/gesture_rps/trains/images/rock/1757839286717_14.jpg,rock
src/gesture_rps/trains/images/rock/1757839286717_15.jpg,rock
src/gesture_rps/trains/images/rock/1757839286717_16.jpg,rock
src/gesture_rps/trains/images/rock/1757839286717_17.jpg,rock
src/gesture_rps/trains/images/rock/1757839286717_18.jpg,rock
src/gesture_rps/trains/images/rock/1757839286717_19.jpg,rock
src/gesture_rps/trains/images/rock/1757839290563_00.jpg,rock
src/gesture_rps/trains/images/rock/1757839290563_01.jpg,rock
src/gesture_rps/trains/images/rock/1757839290563_02.jpg,rock
src/gesture_rps/trains/images/rock/1757839290563_03.jpg,rock
src/gesture_rps/trains/images/rock/1757839290563_04.jpg,rock
src/gesture_rps/trains/images/rock/1757839290563_05.jpg,rock
src/gesture_rps/trains/images/rock/1757839290563_06.jpg,rock
src/gesture_rps/trains/images/rock/1757839290563_07.jpg,rock
src/gesture_rps/trains/images/rock/1757839290563_08.jpg,rock
src/gesture_rps/trains/images/rock/1757839290563_09.jpg,rock
src/gesture_rps/trains/images/rock/1757839290563_10.jpg,rock
src/gesture_rps/trains/images/rock/1757839290563_11.jpg,rock
src/gesture_rps/trains/images/rock/1757839290563_12.jpg,rock
src/gesture_rps/trains/images/rock/1757839290563_13.jpg,rock
src/gesture_rps/trains/images/rock/1757839290563_14.jpg,rock
src/gesture_rps/trains/images/rock/1757839290563_15.jpg,rock
src/gesture_rps/trains/images/rock/1757839290563_16.jpg,rock
src/gesture_rps/trains/images/rock/1757839290563_17.jpg,rock
src/gesture_rps/trains/images/rock/1757839290563_18.jpg,rock
src/gesture_rps/trains/images/rock/1757839290563_19.jpg,rock
src/gesture_rps/trains/images/rock/1757839292851_00.jpg,rock
src/gesture_rps/trains/images/rock/1757839292851_01.jpg,rock
src/gesture_rps/trains/images/rock/1757839292851_02.jpg,rock
src/gesture_rps/trains/images/rock/1757839292851_03.jpg,rock
src/gesture_rps/trains/images/rock/1757839292851_04.jpg,rock
src/gesture_rps/trains/images/rock/1757839292851_05.jpg,rock
src/gesture_rps/trains/images/rock/1757839292851_06.jpg,rock
src/gesture_rps/trains/images/rock/1757839292851_07.jpg,rock
src/gesture_rps/trains/images/rock/1757839292851_08.jpg,rock
src/gesture_rps/trains/images/rock/1757839292851_09.jpg,rock
src/gesture_rps/trains/images/rock/1757839292851_10.jpg,rock
src/gesture_rps/trains/images/rock/1757839292851_11.jpg,rock
src/gesture_rps/trains/images/rock/1757839292851_12.jpg,rock
src/gesture_rps/trains/images/rock/1757839292851_13.jpg,rock
src/gesture_rps/trains/images/rock/1757839292851_14.jpg,rock
src/gesture_rps/trains/images/rock/1757839292851_15.jpg,rock
src/gesture_rps/trains/images/rock/1757839292851_16.jpg,rock
src/gesture_rps/trains/images/rock/1757839292851_17.jpg,rock
src/gesture_rps/trains/images/rock/1757839292851_18.jpg,rock
src/gesture_rps/trains/images/rock/1757839292851_19.jpg,rock
src/gesture_rps/trains/images/rock/1757839296515_00.jpg,rock
src/gesture_rps/trains/images/rock/1757839296515_01.jpg,rock
src/gesture_rps/trains/images/rock/1757839296515_02.jpg,rock
src/gesture_rps/trains/images/rock/1757839296515_03.jpg,rock
src/gesture_rps/trains/images/rock/1757839296515_04.jpg,rock
src/gesture_rps/trains/images/rock/1757839296515_05.jpg,rock
src/gesture_rps/trains/images/rock/1757839296515_06.jpg,rock
src/gesture_rps/trains/images/rock/1757839296515_07.jpg,rock
src/gesture_rps/trains/images/rock/1757839296515_08.jpg,rock
src/gesture_rps/trains/images/rock/1757839296515_09.jpg,rock
src/gesture_rps/trains/images/rock/1757839296515_10.jpg,rock
src/gesture_rps/trains/images/rock/1757839296515_11.jpg,rock
src/gesture_rps/trains/images/rock/1757839296515_12.jpg,rock
src/gesture_rps/trains/images/rock/1757839296515_13.jpg,rock
src/gesture_rps/trains/images/rock/1757839296515_14.jpg,rock
src/gesture_rps/trains/images/rock/1757839296515_15.jpg,rock
src/gesture_rps/trains/images/rock/1757839296515_16.jpg,rock
src/gesture_rps/trains/images/rock/1757839296515_17.jpg,rock
src/gesture_rps/trains/images/rock/1757839296515_18.jpg,rock
src/gesture_rps/trains/images/rock/1757839296515_19.jpg,rock
src/gesture_rps/trains/images/paper/1757839305526_00.jpg,paper
src/gesture_rps/trains/images/paper/1757839305526_01.jpg,paper
src/gesture_rps/trains/images/paper/1757839305526_02.jpg,paper
src/gesture_rps/trains/images/paper/1757839305526_03.jpg,paper
src/gesture_rps/trains/images/paper/1757839305526_04.jpg,paper
src/gesture_rps/trains/images/paper/1757839305526_05.jpg,paper
src/gesture_rps/trains/images/paper/1757839305526_06.jpg,paper
src/gesture_rps/trains/images/paper/1757839305526_07.jpg,paper
src/gesture_rps/trains/images/paper/1757839305526_08.jpg,paper
src/gesture_rps/trains/images/paper/1757839305526_09.jpg,paper
src/gesture_rps/trains/images/paper/1757839305526_10.jpg,paper
src/gesture_rps/trains/images/paper/1757839305526_11.jpg,paper
src/gesture_rps/trains/images/paper/1757839305526_12.jpg,paper
src/gesture_rps/trains/images/paper/1757839305526_13.jpg,paper
src/gesture_rps/trains/images/paper/1757839305526_14.jpg,paper
src/gesture_rps/trains/images/paper/1757839305526_15.jpg,paper
src/gesture_rps/trains/images/paper/1757839305526_16.jpg,paper
src/gesture_rps/trains/images/paper/1757839305526_17.jpg,paper
src/gesture_rps/trains/images/paper/1757839305526_18.jpg,paper
src/gesture_rps/trains/images/paper/1757839305526_19.jpg,paper
src/gesture_rps/trains/images/paper/1757839308711_00.jpg,paper
src/gesture_rps/trains/images/paper/1757839308711_01.jpg,paper
src/gesture_rps/trains/images/paper/1757839308711_02.jpg,paper
src/gesture_rps/trains/images/paper/1757839308711_03.jpg,paper
src/gesture_rps/trains/images/paper/1757839308711_04.jpg,paper
src/gesture_rps/trains/images/paper/1757839308711_05.jpg,paper
src/gesture_rps/trains/images/paper/1757839308711_06.jpg,paper
src/gesture_rps/trains/images/paper/1757839308711_07.jpg,paper
src/gesture_rps/trains/images/paper/1757839308711_08.jpg,paper
src/gesture_rps/trains/images/paper/1757839308711_09.jpg,paper
src/gesture_rps/trains/images/paper/1757839308711_10.jpg,paper
src/gesture_rps/trains/images/paper/1757839308711_11.jpg,paper
src/gesture_rps/trains/images/paper/1757839308711_12.jpg,paper
src/gesture_rps/trains/images/paper/1757839308711_13.jpg,paper
src/gesture_rps/trains/images/paper/1757839308711_14.jpg,paper
src/gesture_rps/trains/images/paper/1757839308711_15.jpg,paper
src/gesture_rps/trains/images/paper/1757839308711_16.jpg,paper
src/gesture_rps/trains/images/paper/1757839308711_17.jpg,paper
src/gesture_rps/trains/images/paper/1757839308711_18.jpg,paper
src/gesture_rps/trains/images/paper/1757839308711_19.jpg,paper
src/gesture_rps/trains/images/paper/1757839310477_00.jpg,paper
src/gesture_rps/trains/images/paper/1757839310477_01.jpg,paper
src/gesture_rps/trains/images/paper/1757839310477_02.jpg,paper
src/gesture_rps/trains/images/paper/1757839310477_03.jpg,paper
src/gesture_rps/trains/images/paper/1757839310477_04.jpg,paper
src/gesture_rps/trains/images/paper/1757839310477_05.jpg,paper
src/gesture_rps/trains/images/paper/1757839310477_06.jpg,paper
src/gesture_rps/trains/images/paper/1757839310477_07.jpg,paper
src/gesture_rps/trains/images/paper/1757839310477_08.jpg,paper
src/gesture_rps/trains/images/paper/1757839310477_09.jpg,paper
src/gesture_rps/trains/images/paper/1757839310477_10.jpg,paper
src/gesture_rps/trains/images/paper/1757839310477_11.jpg,paper
src/gesture_rps/trains/images/paper/1757839310477_12.jpg,paper
src/gesture_rps/trains/images/paper/1757839310477_13.jpg,paper
src/gesture_rps/trains/images/paper/1757839310477_14.jpg,paper
src/gesture_rps/trains/images/paper/1757839310477_15.jpg,paper
src/gesture_rps/trains/images/paper/1757839310477_16.jpg,paper
src/gesture_rps/trains/images/paper/1757839310477_17.jpg,paper
src/gesture_rps/trains/images/paper/1757839310477_18.jpg,paper
src/gesture_rps/trains/images/paper/1757839310477_19.jpg,paper
src/gesture_rps/trains/images/paper/1757839312045_00.jpg,paper
src/gesture_rps/trains/images/paper/1757839312045_01.jpg,paper
src/gesture_rps/trains/images/paper/1757839312045_02.jpg,paper
src/gesture_rps/trains/images/paper/1757839312045_03.jpg,paper
src/gesture_rps/trains/images/paper/1757839312045_04.jpg,paper
src/gesture_rps/trains/images/paper/1757839312045_05.jpg,paper
src/gesture_rps/trains/images/paper/1757839312045_06.jpg,paper
src/gesture_rps/trains/images/paper/1757839312045_07.jpg,paper
src/gesture_rps/trains/images/paper/1757839312045_08.jpg,paper
src/gesture_rps/trains/images/paper/1757839312045_09.jpg,paper
src/gesture_rps/trains/images/paper/1757839312045_10.jpg,paper
src/gesture_rps/trains/images/paper/1757839312045_11.jpg,paper
src/gesture_rps/trains/images/paper/1757839312045_12.jpg,paper
src/gesture_rps/trains/images/paper/1757839312045_13.jpg,paper
src/gesture_rps/trains/images/paper/1757839312045_14.jpg,paper
src/gesture_rps/trains/images/paper/1757839312045_15.jpg,paper
src/gesture_rps/trains/images/paper/1757839312045_16.jpg,paper
src/gesture_rps/trains/images/paper/1757839312045_17.jpg,paper
src/gesture_rps/trains/images/paper/1757839312045_18.jpg,paper
src/gesture_rps/trains/images/paper/1757839312045_19.jpg,paper
src/gesture_rps/trains/images/paper/1757839313734_00.jpg,paper
src/gesture_rps/trains/images/paper/1757839313734_01.jpg,paper
src/gesture_rps/trains/images/paper/1757839313734_02.jpg,paper
src/gesture_rps/trains/images/paper/1757839313734_03.jpg,paper
src/gesture_rps/trains/images/paper/1757839313734_04.jpg,paper
src/gesture_rps/trains/images/paper/1757839313734_05.jpg,paper
src/gesture_rps/trains/images/paper/1757839313734_06.jpg,paper
src/gesture_rps/trains/images/paper/1757839313734_07.jpg,paper
src/gesture_rps/trains/images/paper/1757839313734_08.jpg,paper
src/gesture_rps/trains/images/paper/1757839313734_09.jpg,paper
src/gesture_rps/trains/images/paper/1757839313734_10.jpg,paper
src/gesture_rps/trains/images/paper/1757839313734_11.jpg,paper
src/gesture_rps/trains/images/paper/1757839313734_12.jpg,paper
src/gesture_rps/trains/images/paper/1757839313734_13.jpg,paper
src/gesture_rps/trains/images/paper/1757839313734_14.jpg,paper
src/gesture_rps/trains/images/paper/1757839313734_15.jpg,paper
src/gesture_rps/trains/images/paper/1757839313734_16.jpg,paper
src/gesture_rps/trains/images/paper/1757839313734_17.jpg,paper
src/gesture_rps/trains/images/paper/1757839313734_18.jpg,paper
src/gesture_rps/trains/images/paper/1757839313734_19.jpg,paper
src/gesture_rps/trains/images/paper/1757839316649_00.jpg,paper
src/gesture_rps/trains/images/paper/1757839316649_01.jpg,paper
src/gesture_rps/trains/images/paper/1757839316649_02.jpg,paper
src/gesture_rps/trains/images/paper/1757839316649_03.jpg,paper
src/gesture_rps/trains/images/paper/1757839316649_04.jpg,paper
src/gesture_rps/trains/images/paper/1757839316649_05.jpg,paper
src/gesture_rps/trains/images/paper/1757839316649_06.jpg,paper
src/gesture_rps/trains/images/paper/1757839316649_07.jpg,paper
src/gesture_rps/trains/images/paper/1757839316649_08.jpg,paper
src/gesture_rps/trains/images/paper/1757839316649_09.jpg,paper
src/gesture_rps/trains/images/paper/1757839316649_10.jpg,paper
src/gesture_rps/trains/images/paper/1757839316649_11.jpg,paper
src/gesture_rps/trains/images/paper/1757839316649_12.jpg,paper
src/gesture_rps/trains/images/paper/1757839316649_13.jpg,paper
src/gesture_rps/trains/images/paper/1757839316649_14.jpg,paper
src/gesture_rps/trains/images/paper/1757839316649_15.jpg,paper
src/gesture_rps/trains/images/paper/1757839316649_16.jpg,paper
src/gesture_rps/trains/images/paper/1757839316649_17.jpg,paper
src/gesture_rps/trains/images/paper/1757839316649_18.jpg,paper
src/gesture_rps/trains/images/paper/1757839316649_19.jpg,paper
src/gesture_rps/trains/images/paper/1757839318315_00.jpg,paper
src/gesture_rps/trains/images/paper/1757839318315_01.jpg,paper
src/gesture_rps/trains/images/paper/1757839318315_02.jpg,paper
src/gesture_rps/trains/images/paper/1757839318315_03.jpg,paper
src/gesture_rps/trains/images/paper/1757839318315_04.jpg,paper
src/gesture_rps/trains/images/paper/1757839318315_05.jpg,paper
src/gesture_rps/trains/images/paper/1757839318315_06.jpg,paper
src/gesture_rps/trains/images/paper/1757839318315_07.jpg,paper
src/gesture_rps/trains/images/paper/1757839318315_08.jpg,paper
src/gesture_rps/trains/images/paper/1757839318315_09.jpg,paper
src/gesture_rps/trains/images/paper/1757839318315_10.jpg,paper
src/gesture_rps/trains/images/paper/1757839318315_11.jpg,paper
src/gesture_rps/trains/images/paper/1757839318315_12.jpg,paper
src/gesture_rps/trains/images/paper/1757839318315_13.jpg,paper
src/gesture_rps/trains/images/paper/1757839318315_14.jpg,paper
src/gesture_rps/trains/images/paper/1757839318315_15.jpg,paper
src/gesture_rps/trains/images/paper/1757839318315_16.jpg,paper
src/gesture_rps/trains/images/paper/1757839318315_17.jpg,paper
src/gesture_rps/trains/images/paper/1757839318315_18.jpg,paper
src/gesture_rps/trains/images/paper/1757839318315_19.jpg,paper
src/gesture_rps/trains/images/paper/1757839320511_00.jpg,paper
src/gesture_rps/trains/images/paper/1757839320511_01.jpg,paper
src/gesture_rps/trains/images/paper/1757839320511_02.jpg,paper
src/gesture_rps/trains/images/paper/1757839320511_03.jpg,paper
src/gesture_rps/trains/images/paper/1757839320511_04.jpg,paper
src/gesture_rps/trains/images/paper/1757839320511_05.jpg,paper
src/gesture_rps/trains/images/paper/1757839320511_06.jpg,paper
src/gesture_rps/trains/images/paper/1757839320511_07.jpg,paper
src/gesture_rps/trains/images/paper/1757839320511_08.jpg,paper
src/gesture_rps/trains/images/paper/1757839320511_09.jpg,paper
src/gesture_rps/trains/images/paper/1757839320511_10.jpg,paper
src/gesture_rps/trains/images/paper/1757839320511_11.jpg,paper
src/gesture_rps/trains/images/paper/1757839320511_12.jpg,paper
src/gesture_rps/trains/images/paper/1757839320511_13.jpg,paper
src/gesture_rps/trains/images/paper/1757839320511_14.jpg,paper
src/gesture_rps/trains/images/paper/1757839320511_15.jpg,paper
src/gesture_rps/trains/images/paper/1757839320511_16.jpg,paper
src/gesture_rps/trains/images/paper/1757839320511_17.jpg,paper
src/gesture_rps/trains/images/paper/1757839320511_18.jpg,paper
src/gesture_rps/trains/images/paper/1757839320511_19.jpg,paper
src/gesture_rps/trains/images/paper/1757839322659_00.jpg,paper
src/gesture_rps/trains/images/paper/1757839322659_01.jpg,paper
src/gesture_rps/trains/images/paper/1757839322659_02.jpg,paper
src/gesture_rps/trains/images/paper/1757839322659_03.jpg,paper
src/gesture_rps/trains/images/paper/1757839322659_04.jpg,paper
src/gesture_rps/trains/images/paper/1757839322659_05.jpg,paper
src/gesture_rps/trains/images/paper/1757839322659_06.jpg,paper
src/gesture_rps/trains/images/paper/1757839322659_07.jpg,paper
src/gesture_rps/trains/images/paper/1757839322659_08.jpg,paper
src/gesture_rps/trains/images/paper/1757839322659_09.jpg,paper
src/gesture_rps/trains/images/paper/1757839322659_10.jpg,paper
src/gesture_rps/trains/images/paper/1757839322659_11.jpg,paper
src/gesture_rps/trains/images/paper/1757839322659_12.jpg,paper
src/gesture_rps/trains/images/paper/1757839322659_13.jpg,paper
src/gesture_rps/trains/images/paper/1757839322659_14.jpg,paper
src/gesture_rps/trains/images/paper/1757839322659_15.jpg,paper
src/gesture_rps/trains/images/paper/1757839322659_16.jpg,paper
src/gesture_rps/trains/images/paper/1757839322659_17.jpg,paper
src/gesture_rps/trains/images/paper/1757839322659_18.jpg,paper
src/gesture_rps/trains/images/paper/1757839322659_19.jpg,paper
src/gesture_rps/trains/images/paper/1757839326000_00.jpg,paper
src/gesture_rps/trains/images/paper/1757839326000_01.jpg,paper
src/gesture_rps/trains/images/paper/1757839326000_02.jpg,paper
src/gesture_rps/trains/images/paper/1757839326000_03.jpg,paper
src/gesture_rps/trains/images/paper/1757839326000_04.jpg,paper
src/gesture_rps/trains/images/paper/1757839326000_05.jpg,paper
src/gesture_rps/trains/images/paper/1757839326000_06.jpg,paper
src/gesture_rps/trains/images/paper/1757839326000_07.jpg,paper
src/gesture_rps/trains/images/paper/1757839326000_08.jpg,paper
src/gesture_rps/trains/images/paper/1757839326000_09.jpg,paper
src/gesture_rps/trains/images/paper/1757839326000_10.jpg,paper
src/gesture_rps/trains/images/paper/1757839326000_11.jpg,paper
src/gesture_rps/trains/images/paper/1757839326000_12.jpg,paper
src/gesture_rps/trains/images/paper/1757839326000_13.jpg,paper
src/gesture_rps/trains/images/paper/1757839326000_14.jpg,paper
src/gesture_rps/trains/images/paper/1757839326000_15.jpg,paper
src/gesture_rps/trains/images/paper/1757839326000_16.jpg,paper
src/gesture_rps/trains/images/paper/1757839326000_17.jpg,paper
src/gesture_rps/trains/images/paper/1757839326000_18.jpg,paper
src/gesture_rps/trains/images/paper/1757839326000_19.jpg,paper
src/gesture_rps/trains/images/paper/1757839327808_00.jpg,paper
src/gesture_rps/trains/images/paper/1757839327808_01.jpg,paper
src/gesture_rps/trains/images/paper/1757839327808_02.jpg,paper
src/gesture_rps/trains/images/paper/1757839327808_03.jpg,paper
src/gesture_rps/trains/images/paper/1757839327808_04.jpg,paper
src/gesture_rps/trains/images/paper/1757839327808_05.jpg,paper
src/gesture_rps/trains/images/paper/1757839327808_06.jpg,paper
src/gesture_rps/trains/images/paper/1757839327808_07.jpg,paper
src/gesture_rps/trains/images/paper/1757839327808_08.jpg,paper
src/gesture_rps/trains/images/paper/1757839327808_09.jpg,paper
src/gesture_rps/trains/images/paper/1757839327808_10.jpg,paper
src/gesture_rps/trains/images/paper/1757839327808_11.jpg,paper
src/gesture_rps/trains/images/paper/1757839327808_12.jpg,paper
src/gesture_rps/trains/images/paper/1757839327808_13.jpg,paper
src/gesture_rps/trains/images/paper/1757839327808_14.jpg,paper
src/gesture_rps/trains/images/paper/1757839327808_15.jpg,paper
src/gesture_rps/trains/images/paper/1757839327808_16.jpg,paper
src/gesture_rps/trains/images/paper/1757839327808_17.jpg,paper
src/gesture_rps/trains/images/paper/1757839327808_18.jpg,paper
src/gesture_rps/trains/images/paper/1757839327808_19.jpg,paper
src/gesture_rps/trains/images/paper/1757839329346_00.jpg,paper
src/gesture_rps/trains/images/paper/1757839329346_01.jpg,paper
src/gesture_rps/trains/images/paper/1757839329346_02.jpg,paper
src/gesture_rps/trains/images/paper/1757839329346_03.jpg,paper
src/gesture_rps/trains/images/paper/1757839329346_04.jpg,paper
src/gesture_rps/trains/images/paper/1757839329346_05.jpg,paper
src/gesture_rps/trains/images/paper/1757839329346_06.jpg,paper
src/gesture_rps/trains/images/paper/1757839329346_07.jpg,paper
src/gesture_rps/trains/images/paper/1757839329346_08.jpg,paper
src/gesture_rps/trains/images/paper/1757839329346_09.jpg,paper
src/gesture_rps/trains/images/paper/1757839329346_10.jpg,paper
src/gesture_rps/trains/images/paper/1757839329346_11.jpg,paper
src/gesture_rps/trains/images/paper/1757839329346_12.jpg,paper
src/gesture_rps/trains/images/paper/1757839329346_13.jpg,paper
src/gesture_rps/trains/images/paper/1757839329346_14.jpg,paper
src/gesture_rps/trains/images/paper/1757839329346_15.jpg,paper
src/gesture_rps/trains/images/paper/1757839329346_16.jpg,paper
src/gesture_rps/trains/images/paper/1757839329346_17.jpg,paper
src/gesture_rps/trains/images/paper/1757839329346_18.jpg,paper
src/gesture_rps/trains/images/paper/1757839329346_19.jpg,paper
src/gesture_rps/trains/images/paper/1757839330757_00.jpg,paper
src/gesture_rps/trains/images/paper/1757839330757_01.jpg,paper
src/gesture_rps/trains/images/paper/1757839330757_02.jpg,paper
src/gesture_rps/trains/images/paper/1757839330757_03.jpg,paper
src/gesture_rps/trains/images/paper/1757839330757_04.jpg,paper
src/gesture_rps/trains/images/paper/1757839330757_05.jpg,paper
src/gesture_rps/trains/images/paper/1757839330757_06.jpg,paper
src/gesture_rps/trains/images/paper/1757839330757_07.jpg,paper
src/gesture_rps/trains/images/paper/1757839330757_08.jpg,paper
src/gesture_rps/trains/images/paper/1757839330757_09.jpg,paper
src/gesture_rps/trains/images/paper/1757839330757_10.jpg,paper
src/gesture_rps/trains/images/paper/1757839330757_11.jpg,paper
src/gesture_rps/trains/images/paper/1757839330757_12.jpg,paper
src/gesture_rps/trains/images/paper/1757839330757_13.jpg,paper
src/gesture_rps/trains/images/paper/1757839330757_14.jpg,paper
src/gesture_rps/trains/images/paper/1757839330757_15.jpg,paper
src/gesture_rps/trains/images/paper/1757839330757_16.jpg,paper
src/gesture_rps/trains/images/paper/1757839330757_17.jpg,paper
src/gesture_rps/trains/images/paper/1757839330757_18.jpg,paper
src/gesture_rps/trains/images/paper/1757839330757_19.jpg,paper
src/gesture_rps/trains/images/paper/1757839333053_00.jpg,paper
src/gesture_rps/trains/images/paper/1757839333053_01.jpg,paper
src/gesture_rps/trains/images/paper/1757839333053_02.jpg,paper
src/gesture_rps/trains/images/paper/1757839333053_03.jpg,paper
src/gesture_rps/trains/images/paper/1757839333053_04.jpg,paper
src/gesture_rps/trains/images/paper/1757839333053_05.jpg,paper
src/gesture_rps/trains/images/paper/1757839333053_06.jpg,paper
src/gesture_rps/trains/images/paper/1757839333053_07.jpg,paper
src/gesture_rps/trains/images/paper/1757839333053_08.jpg,paper
src/gesture_rps/trains/images/paper/1757839333053_09.jpg,paper
src/gesture_rps/trains/images/paper/1757839333053_10.jpg,paper
src/gesture_rps/trains/images/paper/1757839333053_11.jpg,paper
src/gesture_rps/trains/images/paper/1757839333053_12.jpg,paper
src/gesture_rps/trains/images/paper/1757839333053_13.jpg,paper
src/gesture_rps/trains/images/paper/1757839333053_14.jpg,paper
src/gesture_rps/trains/images/paper/1757839333053_15.jpg,paper
src/gesture_rps/trains/images/paper/1757839333053_16.jpg,paper
src/gesture_rps/trains/images/paper/1757839333053_17.jpg,paper
src/gesture_rps/trains/images/paper/1757839333053_18.jpg,paper
src/gesture_rps/trains/images/paper/1757839333053_19.jpg,paper
src/gesture_rps/trains/images/paper/1757839334537_00.jpg,paper
src/gesture_rps/trains/images/paper/1757839334537_01.jpg,paper
src/gesture_rps/trains/images/paper/1757839334537_02.jpg,paper
src/gesture_rps/trains/images/paper/1757839334537_03.jpg,paper
src/gesture_rps/trains/images/paper/1757839334537_04.jpg,paper
src/gesture_rps/trains/images/paper/1757839334537_05.jpg,paper
src/gesture_rps/trains/images/paper/1757839334537_06.jpg,paper
src/gesture_rps/trains/images/paper/1757839334537_07.jpg,paper
src/gesture_rps/trains/images/paper/1757839334537_08.jpg,paper
src/gesture_rps/trains/images/paper/1757839334537_09.jpg,paper
src/gesture_rps/trains/images/paper/1757839334537_10.jpg,paper
src/gesture_rps/trains/images/paper/1757839334537_11.jpg,paper
src/gesture_rps/trains/images/paper/1757839334537_12.jpg,paper
src/gesture_rps/trains/images/paper/1757839334537_13.jpg,paper
src/gesture_rps/trains/images/paper/1757839334537_14.jpg,paper
src/gesture_rps/trains/images/paper/1757839334537_15.jpg,paper
src/gesture_rps/trains/images/paper/1757839334537_16.jpg,paper
src/gesture_rps/trains/images/paper/1757839334537_17.jpg,paper
src/gesture_rps/trains/images/paper/1757839334537_18.jpg,paper
src/gesture_rps/trains/images/paper/1757839334537_19.jpg,paper
src/gesture_rps/trains/images/paper/1757839336240_00.jpg,paper
src/gesture_rps/trains/images/paper/1757839336240_01.jpg,paper
src/gesture_rps/trains/images/paper/1757839336240_02.jpg,paper
src/gesture_rps/trains/images/paper/1757839336240_03.jpg,paper
src/gesture_rps/trains/images/paper/1757839336240_04.jpg,paper
src/gesture_rps/trains/images/paper/1757839336240_05.jpg,paper
src/gesture_rps/trains/images/paper/1757839336240_06.jpg,paper
src/gesture_rps/trains/images/paper/1757839336240_07.jpg,paper
src/gesture_rps/trains/images/paper/1757839336240_08.jpg,paper
src/gesture_rps/trains/images/paper/1757839336240_09.jpg,paper
src/gesture_rps/trains/images/paper/1757839336240_10.jpg,paper
src/gesture_rps/trains/images/paper/1757839336240_11.jpg,paper
src/gesture_rps/trains/images/paper/1757839336240_12.jpg,paper
src/gesture_rps/trains/images/paper/1757839336240_13.jpg,paper
src/gesture_rps/trains/images/paper/1757839336240_14.jpg,paper
src/gesture_rps/trains/images/paper/1757839336240_15.jpg,paper
src/gesture_rps/trains/images/paper/1757839336240_16.jpg,paper
src/gesture_rps/trains/images/paper/1757839336240_17.jpg,paper
src/gesture_rps/trains/images/paper/1757839336240_18.jpg,paper
src/gesture_rps/trains/images/paper/1757839336240_19.jpg,paper
src/gesture_rps/trains/images/paper/1757839338927_00.jpg,paper
src/gesture_rps/trains/images/paper/1757839338927_01.jpg,paper
src/gesture_rps/trains/images/paper/1757839338927_02.jpg,paper
src/gesture_rps/trains/images/paper/1757839338927_03.jpg,paper
src/gesture_rps/trains/images/paper/1757839338927_04.jpg,paper
src/gesture_rps/trains/images/paper/1757839338927_05.jpg,paper
src/gesture_rps/trains/images/paper/1757839338927_06.jpg,paper
src/gesture_rps/trains/images/paper/1757839338927_07.jpg,paper
src/gesture_rps/trains/images/paper/1757839338927_08.jpg,paper
src/gesture_rps/trains/images/paper/1757839338927_09.jpg,paper
src/gesture_rps/trains/images/paper/1757839338927_10.jpg,paper
src/gesture_rps/trains/images/paper/1757839338927_11.jpg,paper
src/gesture_rps/trains/images/paper/1757839338927_12.jpg,paper
src/gesture_rps/trains/images/paper/1757839338927_13.jpg,paper
src/gesture_rps/trains/images/paper/1757839338927_14.jpg,paper
src/gesture_rps/trains/images/paper/1757839338927_15.jpg,paper
src/gesture_rps/trains/images/paper/1757839338927_16.jpg,paper
src/gesture_rps/trains/images/paper/1757839338927_17.jpg,paper
src/gesture_rps/trains/images/paper/1757839338927_18.jpg,paper
src/gesture_rps/trains/images/paper/1757839338927_19.jpg,paper
src/gesture_rps/trains/images/paper/1757839340457_00.jpg,paper
src/gesture_rps/trains/images/paper/1757839340457_01.jpg,paper
src/gesture_rps/trains/images/paper/1757839340457_02.jpg,paper
src/gesture_rps/trains/images/paper/1757839340457_03.jpg,paper
src/gesture_rps/trains/images/paper/1757839340457_04.jpg,paper
src/gesture_rps/trains/images/paper/1757839340457_05.jpg,paper
src/gesture_rps/trains/images/paper/1757839340457_06.jpg,paper
src/gesture_rps/trains/images/paper/1757839340457_07.jpg,paper
src/gesture_rps/trains/images/paper/1757839340457_08.jpg,paper
src/gesture_rps/trains/images/paper/1757839340457_09.jpg,paper
src/gesture_rps/trains/images/paper/1757839340457_10.jpg,paper
src/gesture_rps/trains/images/paper/1757839340457_11.jpg,paper
src/gesture_rps/trains/images/paper/1757839340457_12.jpg,paper
src/gesture_rps/trains/images/paper/1757839340457_13.jpg,paper
src/gesture_rps/trains/images/paper/1757839340457_14.jpg,paper
src/gesture_rps/trains/images/paper/1757839340457_15.jpg,paper
src/gesture_rps/trains/images/paper/1757839340457_16.jpg,paper
src/gesture_rps/trains/images/paper/1757839340457_17.jpg,paper
src/gesture_rps/trains/images/paper/1757839340457_18.jpg,paper
src/gesture_rps/trains/images/paper/1757839340457_19.jpg,paper
src/gesture_rps/trains/images/paper/1757839345051_00.jpg,paper
src/gesture_rps/trains/images/paper/1757839345051_01.jpg,paper
src/gesture_rps/trains/images/paper/1757839345051_02.jpg,paper
src/gesture_rps/trains/images/paper/1757839345051_03.jpg,paper
src/gesture_rps/trains/images/paper/1757839345051_04.jpg,paper
src/gesture_rps/trains/images/paper/1757839345051_05.jpg,paper
src/gesture_rps/trains/images/paper/1757839345051_06.jpg,paper
src/gesture_rps/trains/images/paper/1757839345051_07.jpg,paper
src/gesture_rps/trains/images/paper/1757839345051_08.jpg,paper
src/gesture_rps/trains/images/paper/1757839345051_09.jpg,paper
src/gesture_rps/trains/images/paper/1757839345051_10.jpg,paper
src/gesture_rps/trains/images/paper/1757839345051_11.jpg,paper
src/gesture_rps/trains/images/paper/1757839345051_12.jpg,paper
src/gesture_rps/trains/images/paper/1757839345051_13.jpg,paper
src/gesture_rps/trains/images/paper/1757839345051_14.jpg,paper
src/gesture_rps/trains/images/paper/1757839345051_15.jpg,paper
src/gesture_rps/trains/images/paper/1757839345051_16.jpg,paper
src/gesture_rps/trains/images/paper/1757839345051_17.jpg,paper
src/gesture_rps/trains/images/paper/1757839345051_18.jpg,paper
src/gesture_rps/trains/images/paper/1757839345051_19.jpg,paper
src/gesture_rps/trains/images/paper/1757839346975_00.jpg,paper
src/gesture_rps/trains/images/paper/1757839346975_01.jpg,paper
src/gesture_rps/trains/images/paper/1757839346975_02.jpg,paper
src/gesture_rps/trains/images/paper/1757839346975_03.jpg,paper
src/gesture_rps/trains/images/paper/1757839346975_04.jpg,paper
src/gesture_rps/trains/images/paper/1757839346975_05.jpg,paper
src/gesture_rps/trains/images/paper/1757839346975_06.jpg,paper
src/gesture_rps/trains/images/paper/1757839346975_07.jpg,paper
src/gesture_rps/trains/images/paper/1757839346975_08.jpg,paper
src/gesture_rps/trains/images/paper/1757839346975_09.jpg,paper
src/gesture_rps/trains/images/paper/1757839346975_10.jpg,paper
src/gesture_rps/trains/images/paper/1757839346975_11.jpg,paper
src/gesture_rps/trains/images/paper/1757839346975_12.jpg,paper
src/gesture_rps/trains/images/paper/1757839346975_13.jpg,paper
src/gesture_rps/trains/images/paper/1757839346975_14.jpg,paper
src/gesture_rps/trains/images/paper/1757839346975_15.jpg,paper
src/gesture_rps/trains/images/paper/1757839346975_16.jpg,paper
src/gesture_rps/trains/images/paper/1757839346975_17.jpg,paper
src/gesture_rps/trains/images/paper/1757839346975_18.jpg,paper
src/gesture_rps/trains/images/paper/1757839346975_19.jpg,paper
src/gesture_rps/trains/images/scissors/1757839357408_00.jpg,scissors
src/gesture_rps/trains/images/scissors/1757839357408_01.jpg,scissors
src/gesture_rps/trains/images/scissors/1757839357408_02.jpg,scissors
src/gesture_rps/trains/images/scissors/1757839357408_03.jpg,scissors
src/gesture_rps/trains/images/scissors/1757839357408_04.jpg,scissors
src/gesture_rps/trains/images/scissors/1757839357408_05.jpg,scissors
src/gesture_rps/trains/images/scissors/1757839357408_06.jpg,scissors
src/gesture_rps/trains/images/scissors/1757839357408_07.jpg,scissors
src/gesture_rps/trains/images/scissors/1757839357408_08.jpg,scissors
src/gesture_rps/trains/images/scissors/1757839357408_09.jpg,scissors
src/gesture_rps/trains/images/scissors/1757839357408_10.jpg,scissors
src/gesture_rps/trains/images/scissors/1757839357408_11.jpg,scissors
src/gesture_rps/trains/images/scissors/1757839357408_12.jpg,scissors
src/gesture_rps/trains/images/scissors/1757839357408_13.jpg,scissors
src/gesture_rps/trains/images/scissors/1757839357408_14.jpg,scissors
src/gesture_rps/trains/images/scissors/1757839357408_15.jpg,scissors
src/gesture_rps/trains/images/scissors/1757839357408_16.jpg,scissors
src/gesture_rps/trains/images/scissors/1757839357408_17.jpg,scissors
src/gesture_rps/trains/images/scissors/1757839357408_18.jpg,scissors
src/gesture_rps/trains/images/scissors/1757839357408_19.jpg,scissors
src/gesture_rps/trains/images/scissors/1757839359609_00.jpg,scissors
src/gesture_rps/trains/images/scissors/1757839359609_01.jpg,scissors
src/gesture_rps/trains/images/scissors/1757839359609_02.jpg,scissors
src/gesture_rps/trains/images/scissors/1757839359609_03.jpg,scissors
src/gesture_rps/trains/images/scissors/1757839359609_04.jpg,scissors
src/gesture_rps/trains/images/scissors/1757839359609_05.jpg,scissors
src/gesture_rps/trains/images/scissors/1757839359609_06.jpg,scissors
src/gesture_rps/trains/images/scissors/1757839359609_07.jpg,scissors
src/gesture_rps/trains/images/scissors/1757839359609_08.jpg,scissors
src/gesture_rps/trains/images/scissors/1757839359609_09.jpg,scissors
src/gesture_rps/trains/images/scissors/1757839359609_10.jpg,scissors
src/gesture_rps/trains/images/scissors/1757839359609_11.jpg,scissors
src/gesture_rps/trains/images/scissors/1757839359609_12.jpg,scissors
src/gesture_rps/trains/images/scissors/1757839359609_13.jpg,scissors
src/gesture_rps/trains/images/scissors/1757839359609_14.jpg,scissors
src/gesture_rps/trains/images/scissors/1757839359609_15.jpg,scissors
src/gesture_rps/trains/images/scissors/1757839359609_16.jpg,scissors
src/gesture_rps/trains/images/scissors/1757839359609_17.jpg,scissors
src/gesture_rps/trains/images/scissors/1757839359609_18.jpg,scissors
src/gesture_rps/trains/images/scissors/1757839359609_19.jpg,scissors
src/gesture_rps/trains/images/scissors/1757839361503_00.jpg,scissors
src/gesture_rps/trains/images/scissors/1757839361503_01.jpg,scissors
src/gesture_rps/trains/images/scissors/1757839361503_02.jpg,scissors
src/gesture_rps/trains/images/scissors/1757839361503_03.jpg,scissors
src/gesture_rps/trains/images/scissors/1757839361503_04.jpg,scissors
src/gesture_rps/trains/images/scissors/1757839361503_05.jpg,scissors
src/gesture_rps/trains/images/scissors/1757839361503_06.jpg,scissors
src/gesture_rps/trains/images/scissors/1757839361503_07.jpg,scissors
src/gesture_rps/trains/images/scissors/1757839361503_08.jpg,scissors
src/gesture_rps/trains/images/scissors/1757839361503_09.jpg,scissors
src/gesture_rps/trains/images/scissors/1757839361503_10.jpg,scissors
src/gesture_rps/trains/images/scissors/1757839361503_11.jpg,scissors
src/gesture_rps/trains/images/scissors/1757839361503_12.jpg,scissors
src/gesture_rps/trains/images/scissors/1757839361503_13.jpg,scissors
src/gesture_rps/trains/images/scissors/1757839361503_14.jpg,scissors
src/gesture_rps/trains/images/scissors/1757839361503_15.jpg,scissors
src/gesture_rps/trains/images/scissors/1757839361503_16.jpg,scissors
src/gesture_rps/trains/images/scissors/1757839361503_17.jpg,scissors
src/gesture_rps/trains/images/scissors/1757839361503_18.jpg,scissors
src/gesture_rps/trains/images/scissors/1757839361503_19.jpg,scissors
src/gesture_rps/trains/images/scissors/1757839363469_00.jpg,scissors
src/gesture_rps/trains/images/scissors/1757839363469_01.jpg,scissors
src/gesture_rps/trains/images/scissors/1757839363469_02.jpg,scissors
src/gesture_rps/trains/images/scissors/1757839363469_03.jpg,scissors
src/gesture_rps/trains/images/scissors/1757839363469_04.jpg,scissors
src/gesture_rps/trains/images/scissors/1757839363469_05.jpg,scissors
src/gesture_rps/trains/images/scissors/1757839363469_06.jpg,scissors
src/gesture_rps/trains/images/scissors/1757839363469_07.jpg,scissors
src/gesture_rps/trains/images/scissors/1757839363469_08.jpg,scissors
src/gesture_rps/trains/images/scissors/1757839363469_09.jpg,scissors
src/gesture_rps/trains/images/scissors/1757839363469_10.jpg,scissors
src/gesture_rps/trains/images/scissors/1757839363469_11.jpg,scissors
src/gesture_rps/trains/images/scissors/1757839363469_12.jpg,scissors
src/gesture_rps/trains/images/scissors/1757839363469_13.jpg,scissors
src/gesture_rps/trains/images/scissors/1757839363469_14.jpg,scissors
src/gesture_rps/trains/images/scissors/1757839363469_15.jpg,scissors
src/gesture_rps/trains/images/scissors/1757839363469_16.jpg,scissors
src/gesture_rps/trains/images/scissors/1757839363469_17.jpg,scissors
src/gesture_rps/trains/images/scissors/1757839363469_18.jpg,scissors
src/gesture_rps/trains/images/scissors/1757839363469_19.jpg,scissors
src/gesture_rps/trains/images/scissors/1757839365088_00.jpg,scissors
src/gesture_rps/trains/images/scissors/1757839365088_01.jpg,scissors
src/gesture_rps/trains/images/scissors/1757839365088_02.jpg,scissors
src/gesture_rps/trains/images/scissors/1757839365088_03.jpg,scissors
src/gesture_rps/trains/images/scissors/1757839365088_04.jpg,scissors
src/gesture_rps/trains/images/scissors/1757839365088_05.jpg,scissors
src/gesture_rps/trains/images/scissors/1757839365088_06.jpg,scissors
src/gesture_rps/trains/images/scissors/1757839365088_07.jpg,scissors
src/gesture_rps/trains/images/scissors/1757839365088_08.jpg,scissors
src/gesture_rps/trains/images/scissors/1757839365088_09.jpg,scissors
src/gesture_rps/trains/images/scissors/1757839365088_10.jpg,scissors
src/gesture_rps/trains/images/scissors/1757839365088_11.jpg,scissors
src/gesture_rps/trains/images/scissors/1757839365088_12.jpg,scissors
src/gesture_rps/trains/images/scissors/1757839365088_13.jpg,scissors
src/gesture_rps/trains/images/scissors/1757839365088_14.jpg,scissors
src/gesture_rps/trains/images/scissors/1757839365088_15.jpg,scissors
src/gesture_rps/trains/images/scissors/1757839365088_16.jpg,scissors
src/gesture_rps/trains/images/scissors/1757839365088_17.jpg,scissors
src/gesture_rps/trains/images/scissors/1757839365088_18.jpg,scissors
src/gesture_rps/trains/images/scissors/1757839365088_19.jpg,scissors
src/gesture_rps/trains/images/scissors/1757839367291_00.jpg,scissors
src/gesture_rps/trains/images/scissors/1757839367291_01.jpg,scissors
src/gesture_rps/trains/images/scissors/1757839367291_02.jpg,scissors
src/gesture_rps/trains/images/scissors/1757839367291_03.jpg,scissors
src/gesture_rps/trains/images/scissors/1757839367291_04.jpg,scissors
src/gesture_rps/trains/images/scissors/1757839367291_05.jpg,scissors
src/gesture_rps/trains/images/scissors/1757839367291_06.jpg,scissors
src/gesture_rps/trains/images/scissors/1757839367291_07.jpg,scissors
src/gesture_rps/trains/images/scissors/1757839367291_08.jpg,scissors
src/gesture_rps/trains/images/scissors/1757839367291_09.jpg,scissors
src/gesture_rps/trains/images/scissors/1757839367291_10.jpg,scissors
src/gesture_rps/trains/images/scissors/1757839367291_11.jpg,scissors
src/gesture_rps/trains/images/scissors/1757839367291_12.jpg,scissors
src/gesture_rps/trains/images/scissors/1757839367291_13.jpg,scissors
src/gesture_rps/trains/images/scissors/1757839367291_14.jpg,scissors
src/gesture_rps/trains/images/scissors/1757839367291_15.jpg,scissors
src/gesture_rps/trains/images/scissors/1757839367291_16.jpg,scissors
src/gesture_rps/trains/images/scissors/1757839367291_17.jpg,scissors
src/gesture_rps/trains/images/scissors/1757839367291_18.jpg,scissors
src/gesture_rps/trains/images/scissors/1757839367291_19.jpg,scissors
src/gesture_rps/trains/images/scissors/1757839368993_00.jpg,scissors
src/gesture_rps/trains/images/scissors/1757839368993_01.jpg,scissors
src/gesture_rps/trains/images/scissors/1757839368993_02.jpg,scissors
src/gesture_rps/trains/images/scissors/1757839368993_03.jpg,scissors
src/gesture_rps/trains/images/scissors/1757839368993_04.jpg,scissors
src/gesture_rps/trains/images/scissors/1757839368993_05.jpg,scissors
src/gesture_rps/trains/images/scissors/1757839368993_06.jpg,scissors
src/gesture_rps/trains/images/scissors/1757839368993_07.jpg,scissors
src/gesture_rps/trains/images/scissors/1757839368993_08.jpg,scissors
src/gesture_rps/trains/images/scissors/1757839368993_09.jpg,scissors
src/gesture_rps/trains/images/scissors/1757839368993_10.jpg,scissors
src/gesture_rps/trains/images/scissors/1757839368993_11.jpg,scissors
src/gesture_rps/trains/images/scissors/1757839368993_12.jpg,scissors
src/gesture_rps/trains/images/scissors/1757839368993_13.jpg,scissors
src/gesture_rps/trains/images/scissors/1757839368993_14.jpg,scissors
src/gesture_rps/trains/images/scissors/1757839368993_15.jpg,scissors
src/gesture_rps/trains/images/scissors/1757839368993_16.jpg,scissors
src/gesture_rps/trains/images/scissors/1757839368993_17.jpg,scissors
src/gesture_rps/trains/images/scissors/1757839368993_18.jpg,scissors
src/gesture_rps/trains/images/scissors/1757839368993_19.jpg,scissors
src/gesture_rps/trains/images/scissors/1757839370830_00.jpg,scissors
src/gesture_rps/trains/images/scissors/1757839370830_01.jpg,scissors
src/gesture_rps/trains/images/scissors/1757839370830_02.jpg,scissors
src/gesture_rps/trains/images/scissors/1757839370830_03.jpg,scissors
src/gesture_rps/trains/images/scissors/1757839370830_04.jpg,scissors
src/gesture_rps/trains/images/scissors/1757839370830_05.jpg,scissors
src/gesture_rps/trains/images/scissors/1757839370830_06.jpg,scissors
src/gesture_rps/trains/images/scissors/1757839370830_07.jpg,scissors
src/gesture_rps/trains/images/scissors/1757839370830_08.jpg,scissors
src/gesture_rps/trains/images/scissors/1757839370830_09.jpg,scissors
src/gesture_rps/trains/images/scissors/1757839370830_10.jpg,scissors
src/gesture_rps/trains/images/scissors/1757839370830_11.jpg,scissors
src/gesture_rps/trains/images/scissors/1757839370830_12.jpg,scissors
src/gesture_rps/trains/images/scissors/1757839370830_13.jpg,scissors
src/gesture_rps/trains/images/scissors/1757839370830_14.jpg,scissors
src/gesture_rps/trains/images/scissors/1757839370830_15.jpg,scissors
src/gesture_rps/trains/images/scissors/1757839370830_16.jpg,scissors
src/gesture_rps/trains/images/scissors/1757839370830_17.jpg,scissors
src/gesture_rps/trains/images/scissors/1757839370830_18.jpg,scissors
src/gesture_rps/trains/images/scissors/1757839370830_19.jpg,scissors
src/gesture_rps/trains/images/scissors/1757839376143_00.jpg,scissors
src/gesture_rps/trains/images/scissors/1757839376143_01.jpg,scissors
src/gesture_rps/trains/images/scissors/1757839376143_02.jpg,scissors
src/gesture_rps/trains/images/scissors/1757839376143_03.jpg,scissors
src/gesture_rps/trains/images/scissors/1757839376143_04.jpg,scissors
src/gesture_rps/trains/images/scissors/1757839376143_05.jpg,scissors
src/gesture_rps/trains/images/scissors/1757839376143_06.jpg,scissors
src/gesture_rps/trains/images/scissors/1757839376143_07.jpg,scissors
src/gesture_rps/trains/images/scissors/1757839376143_08.jpg,scissors
src/gesture_rps/trains/images/scissors/1757839376143_09.jpg,scissors
src/gesture_rps/trains/images/scissors/1757839376143_10.jpg,scissors
src/gesture_rps/trains/images/scissors/1757839376143_11.jpg,scissors
src/gesture_rps/trains/images/scissors/1757839376143_12.jpg,scissors
src/gesture_rps/trains/images/scissors/1757839376143_13.jpg,scissors
src/gesture_rps/trains/images/scissors/1757839376143_14.jpg,scissors
src/gesture_rps/trains/images/scissors/1757839376143_15.jpg,scissors
src/gesture_rps/trains/images/scissors/1757839376143_16.jpg,scissors
src/gesture_rps/trains/images/scissors/1757839376143_17.jpg,scissors
src/gesture_rps/trains/images/scissors/1757839376143_18.jpg,scissors
src/gesture_rps/trains/images/scissors/1757839376143_19.jpg,scissors
src/gesture_rps/trains/images/scissors/1757839379014_00.jpg,scissors
src/gesture_rps/trains/images/scissors/1757839379014_01.jpg,scissors
src/gesture_rps/trains/images/scissors/1757839379014_02.jpg,scissors
src/gesture_rps/trains/images/scissors/1757839379014_03.jpg,scissors
src/gesture_rps/trains/images/scissors/1757839379014_04.jpg,scissors
src/gesture_rps/trains/images/scissors/1757839379014_05.jpg,scissors
src/gesture_rps/trains/images/scissors/1757839379014_06.jpg,scissors
src/gesture_rps/trains/images/scissors/1757839379014_07.jpg,scissors
src/gesture_rps/trains/images/scissors/1757839379014_08.jpg,scissors
src/gesture_rps/trains/images/scissors/1757839379014_09.jpg,scissors
src/gesture_rps/trains/images/scissors/1757839379014_10.jpg,scissors
src/gesture_rps/trains/images/scissors/1757839379014_11.jpg,scissors
src/gesture_rps/trains/images/scissors/1757839379014_12.jpg,scissors
src/gesture_rps/trains/images/scissors/1757839379014_13.jpg,scissors
src/gesture_rps/trains/images/scissors/1757839379014_14.jpg,scissors
src/gesture_rps/trains/images/scissors/1757839379014_15.jpg,scissors
src/gesture_rps/trains/images/scissors/1757839379014_16.jpg,scissors
src/gesture_rps/trains/images/scissors/1757839379014_17.jpg,scissors
src/gesture_rps/trains/images/scissors/1757839379014_18.jpg,scissors
src/gesture_rps/trains/images/scissors/1757839379014_19.jpg,scissors
src/gesture_rps/trains/images/scissors/1757839380491_00.jpg,scissors
src/gesture_rps/trains/images/scissors/1757839380491_01.jpg,scissors
src/gesture_rps/trains/images/scissors/1757839380491_02.jpg,scissors
src/gesture_rps/trains/images/scissors/1757839380491_03.jpg,scissors
src/gesture_rps/trains/images/scissors/1757839380491_04.jpg,scissors
src/gesture_rps/trains/images/scissors/1757839380491_05.jpg,scissors
src/gesture_rps/trains/images/scissors/1757839380491_06.jpg,scissors
src/gesture_rps/trains/images/scissors/1757839380491_07.jpg,scissors
src/gesture_rps/trains/images/scissors/1757839380491_08.jpg,scissors
src/gesture_rps/trains/images/scissors/1757839380491_09.jpg,scissors
src/gesture_rps/trains/images/scissors/1757839380491_10.jpg,scissors
src/gesture_rps/trains/images/scissors/1757839380491_11.jpg,scissors
src/gesture_rps/trains/images/scissors/1757839380491_12.jpg,scissors
src/gesture_rps/trains/images/scissors/1757839380491_13.jpg,scissors
src/gesture_rps/trains/images/scissors/1757839380491_14.jpg,scissors
src/gesture_rps/trains/images/scissors/1757839380491_15.jpg,scissors
src/gesture_rps/trains/images/scissors/1757839380491_16.jpg,scissors
src/gesture_rps/trains/images/scissors/1757839380491_17.jpg,scissors
src/gesture_rps/trains/images/scissors/1757839380491_18.jpg,scissors
src/gesture_rps/trains/images/scissors/1757839380491_19.jpg,scissors
src/gesture_rps/trains/images/scissors/1757839381949_00.jpg,scissors
src/gesture_rps/trains/images/scissors/1757839381949_01.jpg,scissors
src/gesture_rps/trains/images/scissors/1757839381949_02.jpg,scissors
src/gesture_rps/trains/images/scissors/1757839381949_03.jpg,scissors
src/gesture_rps/trains/images/scissors/1757839381949_04.jpg,scissors
src/gesture_rps/trains/images/scissors/1757839381949_05.jpg,scissors
src/gesture_rps/trains/images/scissors/1757839381949_06.jpg,scissors
src/gesture_rps/trains/images/scissors/1757839381949_07.jpg,scissors
src/gesture_rps/trains/images/scissors/1757839381949_08.jpg,scissors
src/gesture_rps/trains/images/scissors/1757839381949_09.jpg,scissors
src/gesture_rps/trains/images/scissors/1757839381949_10.jpg,scissors
src/gesture_rps/trains/images/scissors/1757839381949_11.jpg,scissors
src/gesture_rps/trains/images/scissors/1757839381949_12.jpg,scissors
src/gesture_rps/trains/images/scissors/1757839381949_13.jpg,scissors
src/gesture_rps/trains/images/scissors/1757839381949_14.jpg,scissors
src/gesture_rps/trains/images/scissors/1757839381949_15.jpg,scissors
src/gesture_rps/trains/images/scissors/1757839381949_16.jpg,scissors
src/gesture_rps/trains/images/scissors/1757839381949_17.jpg,scissors
src/gesture_rps/trains/images/scissors/1757839381949_18.jpg,scissors
src/gesture_rps/trains/images/scissors/1757839381949_19.jpg,scissors
src/gesture_rps/trains/images/scissors/1757839383886_00.jpg,scissors
src/gesture_rps/trains/images/scissors/1757839383886_01.jpg,scissors
src/gesture_rps/trains/images/scissors/1757839383886_02.jpg,scissors
src/gesture_rps/trains/images/scissors/1757839383886_03.jpg,scissors
src/gesture_rps/trains/images/scissors/1757839383886_04.jpg,scissors
src/gesture_rps/trains/images/scissors/1757839383886_05.jpg,scissors
src/gesture_rps/trains/images/scissors/1757839383886_06.jpg,scissors
src/gesture_rps/trains/images/scissors/1757839383886_07.jpg,scissors
src/gesture_rps/trains/images/scissors/1757839383886_08.jpg,scissors
src/gesture_rps/trains/images/scissors/1757839383886_09.jpg,scissors
src/gesture_rps/trains/images/scissors/1757839383886_10.jpg,scissors
src/gesture_rps/trains/images/scissors/1757839383886_11.jpg,scissors
src/gesture_rps/trains/images/scissors/1757839383886_12.jpg,scissors
src/gesture_rps/trains/images/scissors/1757839383886_13.jpg,scissors
src/gesture_rps/trains/images/scissors/1757839383886_14.jpg,scissors
src/gesture_rps/trains/images/scissors/1757839383886_15.jpg,scissors
src/gesture_rps/trains/images/scissors/1757839383886_16.jpg,scissors
src/gesture_rps/trains/images/scissors/1757839383886_17.jpg,scissors
src/gesture_rps/trains/images/scissors/1757839383886_18.jpg,scissors
src/gesture_rps/trains/images/scissors/1757839383886_19.jpg,scissors
src/gesture_rps/trains/images/scissors/1757839385476_00.jpg,scissors
src/gesture_rps/trains/images/scissors/1757839385476_01.jpg,scissors
src/gesture_rps/trains/images/scissors/1757839385476_02.jpg,scissors
src/gesture_rps/trains/images/scissors/1757839385476_03.jpg,scissors
src/gesture_rps/trains/images/scissors/1757839385476_04.jpg,scissors
src/gesture_rps/trains/images/scissors/1757839385476_05.jpg,scissors
src/gesture_rps/trains/images/scissors/1757839385476_06.jpg,scissors
src/gesture_rps/trains/images/scissors/1757839385476_07.jpg,scissors
src/gesture_rps/trains/images/scissors/1757839385476_08.jpg,scissors
src/gesture_rps/trains/images/scissors/1757839385476_09.jpg,scissors
src/gesture_rps/trains/images/scissors/1757839385476_10.jpg,scissors
src/gesture_rps/trains/images/scissors/1757839385476_11.jpg,scissors
src/gesture_rps/trains/images/scissors/1757839385476_12.jpg,scissors
src/gesture_rps/trains/images/scissors/1757839385476_13.jpg,scissors
src/gesture_rps/trains/images/scissors/1757839385476_14.jpg,scissors
src/gesture_rps/trains/images/scissors/1757839385476_15.jpg,scissors
src/gesture_rps/trains/images/scissors/1757839385476_16.jpg,scissors
src/gesture_rps/trains/images/scissors/1757839385476_17.jpg,scissors
src/gesture_rps/trains/images/scissors/1757839385476_18.jpg,scissors
src/gesture_rps/trains/images/scissors/1757839385476_19.jpg,scissors
src/gesture_rps/trains/images/scissors/1757839388572_00.jpg,scissors
src/gesture_rps/trains/images/scissors/1757839388572_01.jpg,scissors
src/gesture_rps/trains/images/scissors/1757839388572_02.jpg,scissors
src/gesture_rps/trains/images/scissors/1757839388572_03.jpg,scissors
src/gesture_rps/trains/images/scissors/1757839388572_04.jpg,scissors
src/gesture_rps/trains/images/scissors/1757839388572_05.jpg,scissors
src/gesture_rps/trains/images/scissors/1757839388572_06.jpg,scissors
src/gesture_rps/trains/images/scissors/1757839388572_07.jpg,scissors
src/gesture_rps/trains/images/scissors/1757839388572_08.jpg,scissors
src/gesture_rps/trains/images/scissors/1757839388572_09.jpg,scissors
src/gesture_rps/trains/images/scissors/1757839388572_10.jpg,scissors
src/gesture_rps/trains/images/scissors/1757839388572_11.jpg,scissors
src/gesture_rps/trains/images/scissors/1757839388572_12.jpg,scissors
src/gesture_rps/trains/images/scissors/1757839388572_13.jpg,scissors
src/gesture_rps/trains/images/scissors/1757839388572_14.jpg,scissors
src/gesture_rps/trains/images/scissors/1757839388572_15.jpg,scissors
src/gesture_rps/trains/images/scissors/1757839388572_16.jpg,scissors
src/gesture_rps/trains/images/scissors/1757839388572_17.jpg,scissors
src/gesture_rps/trains/images/scissors/1757839388572_18.jpg,scissors
src/gesture_rps/trains/images/scissors/1757839388572_19.jpg,scissors
src/gesture_rps/trains/images/invalid/1757839394367_00.jpg,invalid
src/gesture_rps/trains/images/invalid/1757839394367_01.jpg,invalid
src/gesture_rps/trains/images/invalid/1757839394367_02.jpg,invalid
src/gesture_rps/trains/images/invalid/1757839394367_03.jpg,invalid
src/gesture_rps/trains/images/invalid/1757839394367_04.jpg,invalid
src/gesture_rps/trains/images/invalid/1757839394367_05.jpg,invalid
src/gesture_rps/trains/images/invalid/1757839394367_06.jpg,invalid
src/gesture_rps/trains/images/invalid/1757839394367_07.jpg,invalid
src/gesture_rps/trains/images/invalid/1757839394367_08.jpg,invalid
src/gesture_rps/trains/images/invalid/1757839394367_09.jpg,invalid
src/gesture_rps/trains/images/invalid/1757839394367_10.jpg,invalid
src/gesture_rps/trains/images/invalid/1757839394367_11.jpg,invalid
src/gesture_rps/trains/images/invalid/1757839394367_12.jpg,invalid
src/gesture_rps/trains/images/invalid/1757839394367_13.jpg,invalid
src/gesture_rps/trains/images/invalid/1757839394367_14.jpg,invalid
src/gesture_rps/trains/images/invalid/1757839394367_15.jpg,invalid
src/gesture_rps/trains/images/invalid/1757839394367_16.jpg,invalid
src/gesture_rps/trains/images/invalid/1757839394367_17.jpg,invalid
src/gesture_rps/trains/images/invalid/1757839394367_18.jpg,invalid
src/gesture_rps/trains/images/invalid/1757839394367_19.jpg,invalid
src/gesture_rps/trains/images/invalid/1757839395909_00.jpg,invalid
src/gesture_rps/trains/images/invalid/1757839395909_01.jpg,invalid
src/gesture_rps/trains/images/invalid/1757839395909_02.jpg,invalid
src/gesture_rps/trains/images/invalid/1757839395909_03.jpg,invalid
src/gesture_rps/trains/images/invalid/1757839395909_04.jpg,invalid
src/gesture_rps/trains/images/invalid/1757839395909_05.jpg,invalid
src/gesture_rps/trains/images/invalid/1757839395909_06.jpg,invalid
src/gesture_rps/trains/images/invalid/1757839395909_07.jpg,invalid
src/gesture_rps/trains/images/invalid/1757839395909_08.jpg,invalid
src/gesture_rps/trains/images/invalid/1757839395909_09.jpg,invalid
src/gesture_rps/trains/images/invalid/1757839395909_10.jpg,invalid
src/gesture_rps/trains/images/invalid/1757839395909_11.jpg,invalid
src/gesture_rps/trains/images/invalid/1757839395909_12.jpg,invalid
src/gesture_rps/trains/images/invalid/1757839395909_13.jpg,invalid
src/gesture_rps/trains/images/invalid/1757839395909_14.jpg,invalid
src/gesture_rps/trains/images/invalid/1757839395909_15.jpg,invalid
src/gesture_rps/trains/images/invalid/1757839395909_16.jpg,invalid
src/gesture_rps/trains/images/invalid/1757839395909_17.jpg,invalid
src/gesture_rps/trains/images/invalid/1757839395909_18.jpg,invalid
src/gesture_rps/trains/images/invalid/1757839395909_19.jpg,invalid
src/gesture_rps/trains/images/invalid/1757839397944_00.jpg,invalid
src/gesture_rps/trains/images/invalid/1757839397944_01.jpg,invalid
src/gesture_rps/trains/images/invalid/1757839397944_02.jpg,invalid
src/gesture_rps/trains/images/invalid/1757839397944_03.jpg,invalid
src/gesture_rps/trains/images/invalid/1757839397944_04.jpg,invalid
src/gesture_rps/trains/images/invalid/1757839397944_05.jpg,invalid
src/gesture_rps/trains/images/invalid/1757839397944_06.jpg,invalid
src/gesture_rps/trains/images/invalid/1757839397944_07.jpg,invalid
src/gesture_rps/trains/images/invalid/1757839397944_08.jpg,invalid
src/gesture_rps/trains/images/invalid/1757839397944_09.jpg,invalid
src/gesture_rps/trains/images/invalid/1757839397944_10.jpg,invalid
src/gesture_rps/trains/images/invalid/1757839397944_11.jpg,invalid
src/gesture_rps/trains/images/invalid/1757839397944_12.jpg,invalid
src/gesture_rps/trains/images/invalid/1757839397944_13.jpg,invalid
src/gesture_rps/trains/images/invalid/1757839397944_14.jpg,invalid
src/gesture_rps/trains/images/invalid/1757839397944_15.jpg,invalid
src/gesture_rps/trains/images/invalid/1757839397944_16.jpg,invalid
src/gesture_rps/trains/images/invalid/1757839397944_17.jpg,invalid
src/gesture_rps/trains/images/invalid/1757839397944_18.jpg,invalid
src/gesture_rps/trains/images/invalid/1757839397944_19.jpg,invalid
src/gesture_rps/trains/images/invalid/1757839399714_00.jpg,invalid
src/gesture_rps/trains/images/invalid/1757839399714_01.jpg,invalid
src/gesture_rps/trains/images/invalid/1757839399714_02.jpg,invalid
src/gesture_rps/trains/images/invalid/1757839399714_03.jpg,invalid
src/gesture_rps/trains/images/invalid/1757839399714_04.jpg,invalid
src/gesture_rps/trains/images/invalid/1757839399714_05.jpg,invalid
src/gesture_rps/trains/images/invalid/1757839399714_06.jpg,invalid
src/gesture_rps/trains/images/invalid/1757839399714_07.jpg,invalid
src/gesture_rps/trains/images/invalid/1757839399714_08.jpg,invalid
src/gesture_rps/trains/images/invalid/1757839399714_09.jpg,invalid
src/gesture_rps/trains/images/invalid/1757839399714_10.jpg,invalid
src/gesture_rps/trains/images/invalid/1757839399714_11.jpg,invalid
src/gesture_rps/trains/images/invalid/1757839399714_12.jpg,invalid
src/gesture_rps/trains/images/invalid/1757839399714_13.jpg,invalid
src/gesture_rps/trains/images/invalid/1757839399714_14.jpg,invalid
src/gesture_rps/trains/images/invalid/1757839399714_15.jpg,invalid
src/gesture_rps/trains/images/invalid/1757839399714_16.jpg,invalid
src/gesture_rps/trains/images/invalid/1757839399714_17.jpg,invalid
src/gesture_rps/trains/images/invalid/1757839399714_18.jpg,invalid
src/gesture_rps/trains/images/invalid/1757839399714_19.jpg,invalid
src/gesture_rps/trains/images/invalid/1757839404459_00.jpg,invalid
src/gesture_rps/trains/images/invalid/1757839404459_01.jpg,invalid
src/gesture_rps/trains/images/invalid/1757839404459_02.jpg,invalid
src/gesture_rps/trains/images/invalid/1757839404459_03.jpg,invalid
src/gesture_rps/trains/images/invalid/1757839404459_04.jpg,invalid
src/gesture_rps/trains/images/invalid/1757839404459_05.jpg,invalid
src/gesture_rps/trains/images/invalid/1757839404459_06.jpg,invalid
src/gesture_rps/trains/images/invalid/1757839404459_07.jpg,invalid
src/gesture_rps/trains/images/invalid/1757839404459_08.jpg,invalid
src/gesture_rps/trains/images/invalid/1757839404459_09.jpg,invalid
src/gesture_rps/trains/images/invalid/1757839404459_10.jpg,invalid
src/gesture_rps/trains/images/invalid/1757839404459_11.jpg,invalid
src/gesture_rps/trains/images/invalid/1757839404459_12.jpg,invalid
src/gesture_rps/trains/images/invalid/1757839404459_13.jpg,invalid
src/gesture_rps/trains/images/invalid/1757839404459_14.jpg,invalid
src/gesture_rps/trains/images/invalid/1757839404459_15.jpg,invalid
src/gesture_rps/trains/images/invalid/1757839404459_16.jpg,invalid
src/gesture_rps/trains/images/invalid/1757839404459_17.jpg,invalid
src/gesture_rps/trains/images/invalid/1757839404459_18.jpg,invalid
src/gesture_rps/trains/images/invalid/1757839404459_19.jpg,invalid
src/gesture_rps/trains/images/invalid/1757839408499_00.jpg,invalid
src/gesture_rps/trains/images/invalid/1757839408499_01.jpg,invalid
src/gesture_rps/trains/images/invalid/1757839408499_02.jpg,invalid
src/gesture_rps/trains/images/invalid/1757839408499_03.jpg,invalid
src/gesture_rps/trains/images/invalid/1757839408499_04.jpg,invalid
src/gesture_rps/trains/images/invalid/1757839408499_05.jpg,invalid
src/gesture_rps/trains/images/invalid/1757839408499_06.jpg,invalid
src/gesture_rps/trains/images/invalid/1757839408499_07.jpg,invalid
src/gesture_rps/trains/images/invalid/1757839408499_08.jpg,invalid
src/gesture_rps/trains/images/invalid/1757839408499_09.jpg,invalid
src/gesture_rps/trains/images/invalid/1757839408499_10.jpg,invalid
src/gesture_rps/trains/images/invalid/1757839408499_11.jpg,invalid
src/gesture_rps/trains/images/invalid/1757839408499_12.jpg,invalid
src/gesture_rps/trains/images/invalid/1757839408499_13.jpg,invalid
src/gesture_rps/trains/images/invalid/1757839408499_14.jpg,invalid
src/gesture_rps/trains/images/invalid/1757839408499_15.jpg,invalid
src/gesture_rps/trains/images/invalid/1757839408499_16.jpg,invalid
src/gesture_rps/trains/images/invalid/1757839408499_17.jpg,invalid
src/gesture_rps/trains/images/invalid/1757839408499_18.jpg,invalid
src/gesture_rps/trains/images/invalid/1757839408499_19.jpg,invalid
src/gesture_rps/trains/images/invalid/1757839410151_00.jpg,invalid
src/gesture_rps/trains/images/invalid/1757839410151_01.jpg,invalid
src/gesture_rps/trains/images/invalid/1757839410151_02.jpg,invalid
src/gesture_rps/trains/images/invalid/1757839410151_03.jpg,invalid
src/gesture_rps/trains/images/invalid/1757839410151_04.jpg,invalid
src/gesture_rps/trains/images/invalid/1757839410151_05.jpg,invalid
src/gesture_rps/trains/images/invalid/1757839410151_06.jpg,invalid
src/gesture_rps/trains/images/invalid/1757839410151_07.jpg,invalid
src/gesture_rps/trains/images/invalid/1757839410151_08.jpg,invalid
src/gesture_rps/trains/images/invalid/1757839410151_09.jpg,invalid
src/gesture_rps/trains/images/invalid/1757839410151_10.jpg,invalid
src/gesture_rps/trains/images/invalid/1757839410151_11.jpg,invalid
src/gesture_rps/trains/images/invalid/1757839410151_12.jpg,invalid
src/gesture_rps/trains/images/invalid/1757839410151_13.jpg,invalid
src/gesture_rps/trains/images/invalid/1757839410151_14.jpg,invalid
src/gesture_rps/trains/images/invalid/1757839410151_15.jpg,invalid
src/gesture_rps/trains/images/invalid/1757839410151_16.jpg,invalid
src/gesture_rps/trains/images/invalid/1757839410151_17.jpg,invalid
src/gesture_rps/trains/images/invalid/1757839410151_18.jpg,invalid
src/gesture_rps/trains/images/invalid/1757839410151_19.jpg,invalid
src/gesture_rps/trains/images/invalid/1757839411985_00.jpg,invalid
src/gesture_rps/trains/images/invalid/1757839411985_01.jpg,invalid
src/gesture_rps/trains/images/invalid/1757839411985_02.jpg,invalid
src/gesture_rps/trains/images/invalid/1757839411985_03.jpg,invalid
src/gesture_rps/trains/images/invalid/1757839411985_04.jpg,invalid
src/gesture_rps/trains/images/invalid/1757839411985_05.jpg,invalid
src/gesture_rps/trains/images/invalid/1757839411985_06.jpg,invalid
src/gesture_rps/trains/images/invalid/1757839411985_07.jpg,invalid
src/gesture_rps/trains/images/invalid/1757839411985_08.jpg,invalid
src/gesture_rps/trains/images/invalid/1757839411985_09.jpg,invalid
src/gesture_rps/trains/images/invalid/1757839411985_10.jpg,invalid
src/gesture_rps/trains/images/invalid/1757839411985_11.jpg,invalid
src/gesture_rps/trains/images/invalid/1757839411985_12.jpg,invalid
src/gesture_rps/trains/images/invalid/1757839411985_13.jpg,invalid
src/gesture_rps/trains/images/invalid/1757839411985_14.jpg,invalid
src/gesture_rps/trains/images/invalid/1757839411985_15.jpg,invalid
src/gesture_rps/trains/images/invalid/1757839411985_16.jpg,invalid
src/gesture_rps/trains/images/invalid/1757839411985_17.jpg,invalid
src/gesture_rps/trains/images/invalid/1757839411985_18.jpg,invalid
src/gesture_rps/trains/images/invalid/1757839411985_19.jpg,invalid
src/gesture_rps/trains/images/invalid/1757839414797_00.jpg,invalid
src/gesture_rps/trains/images/invalid/1757839414797_01.jpg,invalid
src/gesture_rps/trains/images/invalid/1757839414797_02.jpg,invalid
src/gesture_rps/trains/images/invalid/1757839414797_03.jpg,invalid
src/gesture_rps/trains/images/invalid/1757839414797_04.jpg,invalid
src/gesture_rps/trains/images/invalid/1757839414797_05.jpg,invalid
src/gesture_rps/trains/images/invalid/1757839414797_06.jpg,invalid
src/gesture_rps/trains/images/invalid/1757839414797_07.jpg,invalid
src/gesture_rps/trains/images/invalid/1757839414797_08.jpg,invalid
src/gesture_rps/trains/images/invalid/1757839414797_09.jpg,invalid
src/gesture_rps/trains/images/invalid/1757839414797_10.jpg,invalid
src/gesture_rps/trains/images/invalid/1757839414797_11.jpg,invalid
src/gesture_rps/trains/images/invalid/1757839414797_12.jpg,invalid
src/gesture_rps/trains/images/invalid/1757839414797_13.jpg,invalid
src/gesture_rps/trains/images/invalid/1757839414797_14.jpg,invalid
src/gesture_rps/trains/images/invalid/1757839414797_15.jpg,invalid
src/gesture_rps/trains/images/invalid/1757839414797_16.jpg,invalid
src/gesture_rps/trains/images/invalid/1757839414797_17.jpg,invalid
src/gesture_rps/trains/images/invalid/1757839414797_18.jpg,invalid
src/gesture_rps/trains/images/invalid/1757839414797_19.jpg,invalid
src/gesture_rps/trains/images/invalid/1757839417710_00.jpg,invalid
src/gesture_rps/trains/images/invalid/1757839417710_01.jpg,invalid
src/gesture_rps/trains/images/invalid/1757839417710_02.jpg,invalid
src/gesture_rps/trains/images/invalid/1757839417710_03.jpg,invalid
src/gesture_rps/trains/images/invalid/1757839417710_04.jpg,invalid
src/gesture_rps/trains/images/invalid/1757839417710_05.jpg,invalid
src/gesture_rps/trains/images/invalid/1757839417710_06.jpg,invalid
src/gesture_rps/trains/images/invalid/1757839417710_07.jpg,invalid
src/gesture_rps/trains/images/invalid/1757839417710_08.jpg,invalid
src/gesture_rps/trains/images/invalid/1757839417710_09.jpg,invalid
src/gesture_rps/trains/images/invalid/1757839417710_10.jpg,invalid
src/gesture_rps/trains/images/invalid/1757839417710_11.jpg,invalid
src/gesture_rps/trains/images/invalid/1757839417710_12.jpg,invalid
src/gesture_rps/trains/images/invalid/1757839417710_13.jpg,invalid
src/gesture_rps/trains/images/invalid/1757839417710_14.jpg,invalid
src/gesture_rps/trains/images/invalid/1757839417710_15.jpg,invalid
src/gesture_rps/trains/images/invalid/1757839417710_16.jpg,invalid
src/gesture_rps/trains/images/invalid/1757839417710_17.jpg,invalid
src/gesture_rps/trains/images/invalid/1757839417710_18.jpg,invalid
src/gesture_rps/trains/images/invalid/1757839417710_19.jpg,invalid
